{"cameraMode":{"drawMode":0,"name":"Shaded","section":"Shading Mode"},"sceneLighting":true,"audioPlay":false,"sceneViewState":{"m_AlwaysRefresh":false,"showFog":true,"showSkybox":true,"showFlares":true,"showImageEffects":true,"showParticleSystems":true,"showVisualEffectGraphs":true,"m_FxEnabled":false},"in2DMode":false,"pivot":{"x":-14.164523124694825,"y":11.95621109008789,"z":-0.5590943694114685},"rotation":{"x":0.20382563769817353,"y":-0.7961108684539795,"z":0.40879932045936587,"w":0.39731070399284365},"size":35.35533905029297,"orthographic":false}